Video,Video title,pub_dt,Views,log_views,pub_dow,pub_month,pub_year,video_length,n_countries,subscribed_share,views_7d,likes_7d,comments_7d,avg_view_pct_7d,n_comments_total
4OZip0cgOho,How I Would Learn Data Science (If I Had to Start Over),2020-05-08,1253559,14.041498061410215,4,5,2020,516,226,0.06813331524298268,121456.0,5182.0,0.0,0.33955594327149025,797.0
78LjdAAw0wA,100K Channel Update + AMA Stream!,2020-11-12,2291,7.73718007783463,3,11,2020,5029,110,0.7376691401134876,1947.0,120.0,0.0,0.07296504074761598,12.0
hO_YKK_0Qck,Uber Driver to Machine Learning Engineer in 9 Months! (@Daniel Bourke) - KNN EP. 05,2020-07-16,21350,9.968853855967382,3,7,2020,4112,163,0.5316485371342836,3736.0,208.0,0.0,0.14960864593434148,49.0
uXLnbdHMf8w,Why I'm Starting Data Science Over Again.,2020-08-29,49564,10.811040218466998,5,8,2020,467,177,0.3652616073770657,26867.0,2014.0,0.0,0.3482434533794196,192.0
Xgg7dIKys9E,Interview with the Director of AI Research @ NVIDIA (Anima Anandkumar) - KNN EP. 07,2020-08-05,13429,9.505246289517283,2,8,2020,2904,151,0.4413911230265118,7974.0,405.0,0.0,0.09074370641596724,42.0
-3d1NctSv0c,"Ken Jee Q & A Live Stream (50,000 Sub Special!)",2020-06-20,2326,7.752335163302292,5,6,2020,3413,104,0.8650042992261393,631.0,25.0,0.0,0.13581893148467436,23.0
Ip50cXvpWY4,The Best Free Data Science Courses Nobody is Talking About,2020-03-09,297222,12.602237977795031,0,3,2020,375,209,0.24460865174213095,993.0,95.0,0.0,0.4098772803309625,262.0
4qZINLzwYyk,The State of Data Science with Krish Naik & The Data Professor [Panel Discussion],2020-06-05,20089,9.90797745780898,4,6,2020,2269,190,0.2816109119872561,15439.0,507.0,0.0,0.11683532839657385,62.0
742LQ38OioU,"Data Science Productivity, Motivation, and Organization (ft. Data Professor & Codebasics)",2020-07-01,3711,8.21932609390609,2,7,2020,3493,122,0.6142857142857143,2645.0,139.0,0.0,0.08081459257985803,16.0
GmW4F6MHqqs,Data Science Project from Scratch - Part 2 (Data Collection),2020-04-06,71147,11.172517493495368,0,4,2020,1678,187,0.4090493279853635,990.0,92.0,0.0,0.2734520745543551,200.0
Q9FjwzKFPuM,Data Science Certificate vs Bootcamp vs Masters Degree,2020-01-18,92355,11.433405953738895,5,1,2020,975,199,0.2508667388949079,246.0,17.0,0.0,0.3727926730304719,224.0
41Clrh6nv1s,How I Would Learn Data Science in 2021 (What Has Changed?),2020-12-19,123515,11.72412598131456,5,12,2020,549,197,0.31110913154740694,18617.0,1324.0,0.0,0.39317628521280834,219.0
8igH8qZafpo,3 Proven Data Science Projects for Beginners (Kaggle),2020-02-17,237467,12.377788156536903,0,2,2020,454,207,0.21744831191608485,1015.0,121.0,0.0,0.3728350799195738,205.0
Kq9dkZu0bpg,"Hedge Funds, Startups, and Data Science Oh my! (@DataLeap) - KNN EP. 14",2020-09-18,6860,8.833608482690892,4,9,2020,2027,131,0.7362204724409449,4121.0,182.0,0.0,0.16142724199473119,14.0
sHRq-LshG3U,Why You Probably Won't Become a Data Scientist,2021-04-09,108133,11.591126477764394,4,4,2021,518,200,0.1979026868931814,24353.0,586.0,0.0,0.2751006466596361,189.0
S_CuB__nsmI,Sports Analytics & Streaming Data Science on Twitch (Nick Wan) - KNN EP. 08,2020-08-12,4415,8.392989587956931,2,8,2020,4518,124,0.6898504757589488,2572.0,134.0,0.0,0.07255157567915219,18.0
I3FBJdiExcg,Beginner Kaggle Data Science Project Walk-Through (Titanic),2020-07-17,168183,12.032813897144962,4,7,2020,2296,200,0.27655303458997743,10898.0,636.0,0.0,0.13113234656741957,152.0
6aaIbd-GpZs,Should You Major in Data Science? (Jaemin Lee) - KNN EP. 04,2020-07-08,5799,8.66561319653451,2,7,2020,1187,127,0.49629246421796863,3874.0,153.0,0.0,0.17225441025138072,31.0
QN3wXPZSjpE,Do You Have a Data Science Mentor? (@Danny Ma) - KNN EP. 06,2020-07-30,2188,7.691200097522863,3,7,2020,2291,98,0.753199268738574,885.0,47.0,0.0,0.20012466039233018,16.0
SVtRsDhHlDk,Why I Quit Data Science,2021-02-12,98777,11.500630186876077,4,2,2021,334,200,0.32078413900646024,49373.0,1255.0,0.0,0.3592824461028892,152.0
zF_Q2v_9zKY,Scrape Twitter Data in Python with Twitterscraper Module,2019-04-18,41506,10.633617366693608,3,4,2019,378,164,0.08617364894181169,42.0,4.0,0.0,0.43223850065278635,138.0
_rbrdNTpZGo,Building a Deep Learning BEAST (NVIDIA TITAN RTX + RYZEN 3900X),2020-07-24,7865,8.970304952991755,4,7,2020,578,135,0.4680824008138352,3435.0,171.0,0.0,0.2493487525267728,148.0
myhoWUrSP7o,I Built the FIRST EVER YouTube Subscriber LEADERBOARD,2020-12-07,21008,9.952706196323627,0,12,2020,683,170,0.31747619047619047,3234.0,308.0,0.0,0.2547526076628265,141.0
2qVWurPFwfc,Is Data Science Dying?,2021-11-19,70043,11.156878894991792,4,11,2021,549,191,0.25510729613733907,33308.0,1403.0,0.0,0.3719660720791427,130.0
zGlJ-QndG8E,How to Get a Data Science Job at FAANG (@Data Science Jay) - KNN EP. 03,2020-06-26,11872,9.382022193665792,4,6,2020,828,143,0.45764854614412137,5134.0,232.0,0.0,0.278692555827245,32.0
BBDiadC8BvE,5 Essential Data Science Projects for Your Portfolio,2020-09-26,51092,10.841402780506945,5,9,2020,414,184,0.3418716315531602,11644.0,830.0,0.0,0.31657187800272246,124.0
mEZ1Hj5yQ-8,How to Build a Data Science Portfolio Website with Hugo & Github Pages [feat. Data Professor],2020-05-29,44924,10.71274971165176,4,5,2020,2576,170,0.36032181141494507,4573.0,277.0,0.0,0.08062714033307547,111.0
fhi4dOhmW-g,Data Science Project from Scratch - Part 3 (Data Cleaning),2020-04-08,50234,10.824467273896415,2,4,2020,2632,182,0.418531879696251,719.0,53.0,0.0,0.2012386480494517,118.0
yukdXV9LR48,The Projects You Should Do To Get A Data Science Job,2019-07-30,131630,11.78775783244294,1,7,2019,770,200,0.2878934127822578,816.0,49.0,0.0,0.2468291624182496,107.0
g7on3Rw0Ovg,Fast Cars to Faster Data (Alex Castrounis) - KNN EP. 12,2020-09-09,1823,7.508787170634276,2,9,2020,3289,102,0.7690619857377948,1377.0,65.0,0.0,0.12124532785876888,12.0
hOUrxTeBJQc,The 7 Biggest Data Science  Beginner Mistakes,2021-04-23,48261,10.784399780508467,4,4,2021,601,185,0.34858139100475294,20254.0,769.0,0.0,0.27677717716301886,106.0
xpIFS6jZbe8,How I Would Learn Data Science in 2022 (If I Had to Start Over),2021-12-27,79283,11.280791621817887,0,12,2021,734,196,0.28328611898017,41879.0,2612.0,0.0,0.3513401645080673,95.0
SLC5sPZSLY4,How YOU Can Land a Sports Analytics Job,2019-12-02,50498,10.82970881308719,0,12,2019,484,181,0.13538961682557932,273.0,24.0,0.0,0.45711714369670964,91.0
m5pwx3hgtzM,3 Reasons You Should NOT Become a Data Scientist,2019-12-16,93329,11.443896878559793,0,12,2019,373,200,0.20277223901717373,322.0,22.0,0.0,0.5473221176724357,87.0
n3vw0M5RrPU,How I Learned Data Science,2020-01-27,87169,11.375615514005622,0,1,2020,806,215,0.24667798866270396,967.0,54.0,0.0,0.3135181149853305,89.0
zSwM5uVeylU,Math Needed for Mastering Data Science,2019-12-09,48401,10.787296414165029,0,12,2019,291,190,0.2910489423733019,550.0,49.0,0.0,0.42159498640661147,90.0
qV_AlRwhI3I,What is the #66DaysOfData?,2020-12-26,52921,10.876574410409694,5,12,2020,471,180,0.32309556721137644,7649.0,461.0,0.0,0.36431441518169294,89.0
1aXk2RViq3c,How to Make A Data Science Portfolio Website with Github Pages,2020-05-15,69141,11.1439176398724,4,5,2020,829,181,0.27260738507912585,4493.0,384.0,0.0,0.2301724698207087,86.0
QWgg4w1SpJ8,Data Science Project from Scratch - Part 4 (Exploratory Data Analysis),2020-04-10,47193,10.762022044849319,4,4,2020,4119,180,0.41745513174084603,706.0,62.0,0.0,0.15534679251577224,82.0
BZFfNwj7JhE,Different Data Science Roles Explained (by a Data Scientist),2020-05-22,44974,10.713862058818734,4,5,2020,291,205,0.19202277934731832,16681.0,764.0,0.0,0.445433603742365,71.0
MpF9HENQjDo,Data Science Project from Scratch - Part 1 (Project Planning),2020-04-03,102854,11.541075508386575,4,4,2020,448,194,0.33511508353779645,1571.0,145.0,0.0,0.36662366295206905,72.0
XjC3FPL-S78,Why You're Struggling to Learn Data Science,2020-06-12,14552,9.585552436913327,4,6,2020,375,160,0.530960071472751,8052.0,616.0,0.0,0.3981634251344283,76.0
a3VWq9smqhM,How to ULTRALEARN Data Science,2020-03-27,55316,10.920835554373275,4,3,2020,459,193,0.3157485441458386,635.0,79.0,0.0,0.4836113411745821,73.0
domVw8isGOI,How I Chose My Masters Degree for Breaking into Data Science,2020-10-30,18633,9.83274314801037,4,10,2020,474,168,0.42239062667956573,4772.0,198.0,0.0,0.366397261816128,70.0
-pdXWmj9xxU,How I Learn Data Science Through Studying Other People's Code | #66DaysOfData,2020-09-04,10588,9.267571005430455,4,9,2020,866,149,0.6652498347029375,5902.0,454.0,0.0,0.3034651012458702,70.0
7JCterBrcvk,Discouraged with Data Science? - Watch THIS video.,2021-05-28,6825,8.828494129466652,4,5,2021,644,140,0.7222873900293255,4211.0,279.0,0.0,0.3292014658805629,71.0
xjhW1rSQeik,Data Science Advice for College Students,2020-02-14,62154,11.037386544225816,4,2,2020,653,182,0.18938845157032244,338.0,29.0,0.0,0.3315076106135641,68.0
EMq4PH7PCeA,How to Go From Data Analyst to Data Scientist,2021-04-02,40202,10.601696898688338,4,4,2021,403,182,0.3164131544225647,21768.0,575.0,0.0,0.2513120796984678,68.0
SsGKZe4dVyk,How a Subscriber Landed a Data Analyst Job in Less Than a Year (Ray Ojel) - KNN EP. 09,2020-08-19,25141,10.132295033474776,2,8,2020,2146,176,0.5025663470337803,8897.0,491.0,0.0,0.1529125123475228,67.0
S4Lei5mOppc,How I Learned to Learn.,2021-07-31,23506,10.065053528117518,5,7,2021,1003,173,0.5174301723769195,6793.0,559.0,0.0,0.33176198050948885,68.0
ji7DtgUeKCI,7 Things to Look For in a Masters For Data Science (feat. @Tina Huang),2020-11-20,18307,9.815093401773533,4,11,2020,550,162,0.46658645958656897,5187.0,211.0,0.0,0.339047902790123,64.0
r-DR9HBaipU,Kaggle Project From Scratch - Part 1 (Data Science Profession Survey),2021-01-02,25722,10.155140812296054,5,1,2021,894,165,0.5672594264368264,9623.0,587.0,0.0,0.2512255126091283,65.0
vQGJvmhpq_s,The Plagiarism Problem in Data Science,2020-08-07,12675,9.447465720810811,4,8,2020,467,155,0.5215401609594446,9269.0,505.0,0.0,0.37350852617555697,65.0
WRF_dKZ_i24,Sh*t Data Scientists Say (Parody),2020-10-05,8724,9.073947747070628,0,10,2020,128,137,0.651765245300321,6459.0,488.0,0.0,0.616437280546837,66.0
8nTmuKI2oyA,How I Use Data to Optimize My Life | What I Collect & How I Analyze It,2021-05-14,9135,9.119977931895791,4,5,2021,505,152,0.7021696252465484,4737.0,293.0,0.0,0.3718545882850971,62.0
QQLToUlgN7A,The Best Computer for Data Science Beginners,2020-07-10,27597,10.2254985853115,4,7,2020,395,183,0.3016397010810419,4840.0,229.0,0.0,0.4034910688360254,62.0
iGUiLWFDWfk,Don't Buy My Course..,2020-08-21,7196,8.881419551507804,4,8,2020,523,140,0.7526403557531962,6068.0,344.0,0.0,0.2723671764443796,59.0
jf3j0lWmFPU,The 5 Pillars of Success I Live By,2020-09-11,9743,9.184406989949679,4,9,2020,580,139,0.7327311916247562,5409.0,579.0,0.0,0.41486850735773967,64.0
o-wsyxWbPOw,We Need to Talk About The LinkedIn Machine Learning Assessment.,2022-01-03,11808,9.376617231601282,0,1,2022,369,154,0.6865963599251573,11175.0,581.0,0.0,0.430055512987122,57.0
YR9Faf1uZDg,Unboxing the Ultimate Z by HP Data Science Package (FIRST EVER HP Workstation w/ Data Science Stack),2020-12-10,9268,9.134430777875833,3,12,2020,557,142,0.5743301642178047,4364.0,257.0,0.0,0.31115407019193764,62.0
vwvdtXMcNzI,Why Is Data Engineering So HOT Right Now?,2021-11-26,17268,9.75666826558467,4,11,2021,429,156,0.5222789510327223,12253.0,607.0,0.0,0.402264578125577,61.0
FqNpDNmpcEo,How Zillow Lost $500 MILLION With Machine Learning,2021-12-03,16933,9.737078714202223,4,12,2021,686,152,0.5550293055473329,13129.0,715.0,0.0,0.447088796311795,59.0
Uf0dO-pgOrk,Dealing with Doubt in Data Science (My Impostor Syndrome Story),2020-10-16,6282,8.745602852402946,4,10,2020,347,132,0.6319643425660617,3476.0,282.0,0.0,0.46215313945821224,57.0
rEWPqw6rMGI,The Only Data Science Explanation You Need,2022-01-10,10277,9.237760967552175,0,1,2022,791,155,0.62001579155152,9691.0,697.0,0.0,0.35438993503428845,60.0
uic34RTaI-w,How I Balance Data Science and Content Creation (7 Secrets),2021-01-23,6776,8.821289805136113,5,1,2021,815,132,0.43055350553505534,5392.0,210.0,0.0,0.2501125160440283,59.0
KU__lDJj5iU,How Data Science Projects Pay Off,2021-05-22,9342,9.142382678792956,5,5,2021,386,151,0.6941856729842596,5676.0,415.0,0.0,0.42074840531495894,53.0
KQ80oD_boBM,Kaggle Project From Scratch - Part 2 (Exploratory Data Analysis),2021-01-08,14711,9.596418766284158,4,1,2021,2191,142,0.5870304844855743,4907.0,282.0,0.0,0.14852518229964373,54.0
7O4dpR9QMIM,Data Science Project from Scratch  - Part 5 (Model Building),2020-04-13,27648,10.227344839931181,0,4,2020,2734,163,0.48035772475469785,725.0,48.0,0.0,0.1392915838130902,52.0
AqPquogHwq0,Where to Start Learning Data Science,2020-07-03,16882,9.734062477477194,4,7,2020,268,167,0.5470546402749793,6668.0,392.0,0.0,0.4830041393948415,55.0
UcilY6HDuL8,10000 Subscriber and 100th Video Special (Data Science),2020-05-13,3064,8.027802848370312,2,5,2020,172,136,0.3058093994778068,1324.0,125.0,0.0,0.2619146630124883,55.0
agHKuUoMwvY,Data Science Project from Scratch - Part 7 (Documenting Your Work),2020-04-17,12427,9.427707270512938,4,4,2020,711,149,0.4254993556701031,362.0,31.0,0.0,0.20802177912756664,52.0
3Mm1U1CbzNw,Is Data Science Right For You?,2019-08-18,44051,10.693126033284834,6,8,2019,392,200,0.19089794249897807,259.0,15.0,0.0,0.5231582923851217,53.0
35g8fCi-kbw,7 Incredible Books That Transformed My Health and My Life,2021-11-12,6192,8.731174900938061,4,11,2021,793,137,0.7199223803363519,4202.0,257.0,0.0,0.2727795567691167,50.0
OtqQYqRNDGI,🌶 Hot Topics in Tech: Data Science Explained #SHORTS,2021-01-29,8009,8.988446040062405,4,1,2021,59,134,0.5885293015119331,2855.0,178.0,0.0,0.5982611674489293,50.0
RRSRKf9eQxc,Should You Get A Masters in Data Science?,2018-11-14,18488,9.824931239630352,2,11,2018,337,172,0.19166666666666668,9.0,1.0,0.0,0.22290257171117706,55.0
YbTMIxjk4hI,The YouTube Algorithm EXPLAINED! (Tips from a Data Scientist),2020-08-14,5700,8.648396877031582,4,8,2020,544,143,0.5413150492264416,3484.0,350.0,0.0,0.3760900609593797,48.0
k8YxyrcAXJs,Is Data Visualization Important for Data Science? (A Data Scientist's Perspective),2021-08-20,10403,9.249945626568541,4,8,2021,355,151,0.7404234841193456,5384.0,311.0,0.0,0.38286192544975717,47.0
hcHSSyHbgMQ,My Regrets as a Data Science Student,2021-03-12,20150,9.911009193934975,4,3,2021,495,163,0.4064362336114422,13322.0,458.0,0.0,0.3347908882974958,47.0
XGBigjVy2Eo,The Secret Data Scientists Don't Want You to Know,2020-03-16,9503,9.159468041602427,0,3,2020,222,151,0.5566782443953268,627.0,99.0,0.0,0.5882847487779702,50.0
UpaEjBOMNqs,5 Proven Strategies to Break into a Data Science Job,2020-10-02,8168,9.00810178134187,4,10,2020,334,131,0.5382637443369659,5521.0,278.0,0.0,0.32288271809879593,46.0
rdo8YBasqqA,Reviewing Your Data Science Projects - Episode 13 (BONUS LinkedIn Review),2020-07-27,5106,8.538367426647644,0,7,2020,730,118,0.6546523016650343,2896.0,184.0,0.0,0.30889040777845944,49.0
yUrrf3Pm33s,Find a Data Science Project With These 3 Techniques,2020-11-06,13931,9.541943631485891,4,11,2020,513,138,0.44266532634451067,9178.0,367.0,0.0,0.22853291772080453,45.0
1FrY7ARSf10,9 Ways You Can Make Extra Income as a Data Scientist,2019-11-18,39347,10.580200426632649,0,11,2019,638,189,0.3146947389833956,759.0,32.0,0.0,0.2896732469574643,36.0
NCyPY-jfb3I,How to Scrape NBA Data Using the nba_api Python Module,2019-12-23,11724,9.36947859331448,0,12,2019,989,126,0.18617157490396927,168.0,12.0,0.0,0.24910081464602696,40.0
_0rHU6qAQe0,git for Data Science Made Simple... (Hopefully),2020-10-23,12643,9.444938073335509,4,10,2020,392,148,0.5238736241982738,5716.0,353.0,0.0,0.313049062186179,44.0
pPfw2fzwNiM,MARCH MADNESS - Will My Machine Learning Model Beat Your Bracket?,2021-03-19,9370,9.145375093123823,4,3,2021,545,144,0.5322546078011144,2832.0,171.0,0.0,0.38248745170099613,45.0
4039x4r-hGE,6 Lessons from #66DaysOfData,2020-11-13,6352,8.756682421266532,4,11,2020,479,135,0.7740157480314961,4010.0,259.0,0.0,0.32695847975204295,45.0
KfpOuSH9gDc,Kaggle vs Github - Which is Best for Your Data Science Portfolio?,2021-06-25,8832,9.086249986745132,4,6,2021,378,147,0.6750283768444949,3771.0,222.0,0.0,0.3948033149620213,47.0
WnB1jsDu900,Reviewing Your Data Science Projects - Episode 8 (College Student Help),2020-06-15,4050,8.30671904320269,0,6,2020,685,124,0.6463324277599407,2706.0,132.0,0.0,0.26291552290694475,20.0
lUUqrRgerd8,What It's Like to be a Socially Distanced Data Scientist (A Day in the Life),2020-04-24,14348,9.571435532348406,4,4,2020,884,180,0.32097302571966263,849.0,82.0,0.0,0.3014503601138958,39.0
4CpmB4TR2C4,Work From Home Data Scientist: Day in the Life,2019-04-12,26586,10.188177653501853,4,4,2019,331,175,0.20054924384922126,37.0,6.0,0.0,0.39673526560926486,37.0
nrEJGGxcoTc,Is Your Phone REALLY Listening to You?,2021-07-03,4569,8.42726848388825,5,7,2021,302,133,0.7988606485539,3350.0,221.0,0.0,0.5038991835317363,43.0
C4OPn58BLaU,How to Set Up Your Data Science Environment (Anaconda Beginner),2020-02-21,75351,11.229925746502653,4,2,2020,597,194,0.18641881739731675,322.0,29.0,0.0,0.27624313435972264,39.0
ITAxTid_1YU,My Daily Battle With Time - Will I Win? [Vlog],2021-03-08,3615,8.193123721512068,0,3,2021,361,122,0.8268326417704011,2484.0,155.0,0.0,0.4816610248790049,38.0
n7kjelw9s2w,Why Kaggle Should Be Your Favorite Data Science Resource #shorts,2021-05-07,14780,9.601097851212073,4,5,2021,59,159,0.39027034351920864,6583.0,304.0,0.0,0.5052020127292143,25.0
nUOh_lDMHOU,Data Science Project from Scratch -  Part 6 (Putting the Model into Production),2020-04-15,18329,9.816294340833752,2,4,2020,2207,157,0.4543716891485992,475.0,45.0,0.0,0.1908521784677473,40.0
-ONQ628CXKQ,Data Scientist Reacts: REAL Data Science Job Application Data,2021-04-16,20158,9.911406117780423,4,4,2021,964,160,0.30185212771239883,12311.0,262.0,0.0,0.1896446774799802,38.0
oHUD2T_VXfI,Reviewing Your Data Science Projects - Episode 18 (Job-Worthy GitHub),2020-08-31,14382,9.573802232603889,0,8,2020,716,140,0.5857222376843864,5981.0,397.0,0.0,0.2914697026760012,40.0
T77uVbLhroQ,How I Got My First Data Science Internship (And How You Can Land One),2019-06-21,20328,9.919803717021065,4,6,2019,633,154,0.29659723248141034,66.0,8.0,0.0,0.425238918456658,39.0
lsXWVPzwZPk,Critiquing MY OWN Data Science Resume,2020-07-06,10854,9.292381082312392,0,7,2020,709,134,0.5707834101382488,3965.0,196.0,0.0,0.2931789349245373,37.0
5v_ulmGv-gc,Inside the Mind of the Ultimate Kaggle Grandmaster (@Abhishek Thakur ) - KNN EP. 10,2020-08-26,13159,9.484937204879309,2,8,2020,2292,148,0.5678984184914841,6896.0,373.0,0.0,0.14859231691888342,38.0
BlSrorP32WM,Why I Have 2 Offices for Data Science & Content Creation,2021-03-26,3543,8.173011311724972,4,3,2021,495,120,0.7311493928268851,2038.0,106.0,0.0,0.3545004130724672,35.0
HJH0gfY6EUg,Reviewing Your Data Science Projects - Episode 5 (Very Detailed Project),2020-05-25,20655,9.935761113086423,0,5,2020,1054,196,0.13381747760832727,3301.0,173.0,0.0,0.2300598803704434,32.0
6tQtwqthUMI,My First Data Science Contracting Side-Gig (How I Did It),2020-07-31,8643,9.064620717626777,4,7,2020,535,158,0.5147058823529411,2828.0,239.0,0.0,0.4065424521555986,37.0
AxP1CL0yaFQ,Should You Learn R for Data Science?,2019-04-25,15243,9.63194126199375,3,4,2019,248,166,0.2065410126748539,29.0,4.0,0.0,0.4737092301180002,31.0
d6FeV8WXPWY,5 Unusual Data Science Projects that Will Land You a Job,2020-10-09,7354,8.903135633035538,4,10,2020,299,129,0.6940664126292869,3875.0,321.0,0.0,0.5420771881845168,36.0
tnpV1etgcxs,The PODCAST you might have asked for?,2020-10-19,1836,7.515889085215125,0,10,2020,139,98,0.7652505446623094,1086.0,73.0,0.0,0.4223937909153268,28.0
8Pi36Nj6P9A,What is Pandas? (Data & Data Science) #shorts,2021-04-30,12931,9.467460138845324,4,4,2021,59,147,0.2790247678018576,6093.0,249.0,0.0,0.4723000888884273,38.0
PWmxLYTixAM,Reviewing Your Data Science Resumes - Episode 12 (3 Different Resumes!),2020-07-20,21053,9.95484584481127,0,7,2020,1064,144,0.3972987111808627,3088.0,135.0,0.0,0.26299854661738925,35.0
vfV4nm004VQ,How She Dominated the FAANG Data Science Interview  (@Tina Huang ) - KNN EP. 11,2020-09-02,15766,9.665674427237482,2,9,2020,2686,145,0.5538139357786521,6607.0,289.0,0.0,0.11380939853742487,35.0
0jTtHYie3CU,Should You Be Excited About Web 3? (As a Data Scientist),2022-01-17,4383,8.385716828627851,0,1,2022,326,130,0.7882871845135996,4079.0,261.0,0.0,0.4832370265917521,33.0
VN12ZPFsApM,How To Learn Programming for Data Science [3 Steps],2020-01-13,25616,10.151011472575716,0,1,2020,486,177,0.43612575668814685,405.0,36.0,0.0,0.3454160050929123,36.0
XWetgrNas-k,What Does a Data Scientist Actually Do?,2019-07-19,25402,10.142622556268384,4,7,2019,387,174,0.20388043221074217,206.0,8.0,0.0,0.42162499335641634,33.0
cnqTU6eJwH0,The TRUTH About My First Data Science Project,2021-10-08,3966,8.28576542051433,4,10,2021,545,127,0.7403455284552846,2348.0,165.0,0.0,0.4516711568329086,32.0
s1gD35Z4eUc,Why are APIs Important for Data Science?,2021-07-09,6540,8.785845337961213,4,7,2021,322,140,0.6714089031665902,3332.0,234.0,0.0,0.504744971367222,32.0
IoUWD1h6xUs,A Quick Data Science Project Tip! #SHORTS,2021-06-03,12328,9.419709489868552,3,6,2021,59,142,0.4534600389863548,7469.0,397.0,0.0,0.6239696383735427,35.0
fU3DOXjwufg,What is the Future of my Comment Leaderboard Project?,2021-02-26,4912,8.499640032168648,4,2,2021,342,129,0.5001018537380322,1875.0,128.0,0.0,0.33584779619577615,36.0
15c7WD-lKUY,ML Ops: What is it REALLY?,2021-10-22,4252,8.355379895253634,4,10,2021,370,124,0.8027803958529689,2966.0,168.0,0.0,0.4260622956295364,28.0
pWVQ0vN5uig,How To Get Data Science Experience (Without a Job),2019-08-08,26360,10.179640924163953,3,8,2019,495,166,0.3616012141908556,526.0,40.0,0.0,0.2574947279113888,31.0
2OnXytYziF0,What is Sports Analytics Really?,2020-01-20,13322,9.497247143960212,0,1,2020,416,157,0.19075882794891058,179.0,11.0,0.0,0.36641672764512545,29.0
Z_KFh-HqaBA,I Wish I Had Known THIS Before Starting in Data Science,2019-05-14,23397,10.060405827607546,1,5,2019,538,172,0.4085428424833248,38.0,6.0,0.0,0.4632985401177199,29.0
DM1eE_Coh6g,Avoid These Data Science Resume Mistakes!,2020-02-10,22787,10.033989360600286,0,2,2020,483,164,0.4271213253064991,477.0,36.0,0.0,0.45628157493235044,29.0
GO420aMtHfk,Kaggle Project From Scratch - Part 3 (Advanced Graphs & Gender Imbalance Analysis),2021-01-16,6827,8.828787083914332,5,1,2021,3659,133,0.6297816209878353,2422.0,121.0,0.0,0.07341774821401818,23.0
hpMc6TgT34I,The 5 Stages of Learning Data Science,2020-03-13,15398,9.642057851228413,4,3,2020,423,162,0.5102637391191374,758.0,90.0,0.0,0.45515338198023897,31.0
jam0xApfC-U,Reviewing Your Data Science Projects - Episode 3 (Student Portfolio),2020-05-11,4028,8.301273485191347,0,5,2020,804,136,0.4867146759374224,1478.0,98.0,0.0,0.2556929471325383,32.0
tJI-1mHeXoA,How to Build a Website  - Building my ULTIMATE Portfolio Website,2021-02-19,5483,8.609590040682205,4,2,2021,1525,129,0.7131386861313869,2741.0,113.0,0.0,0.1257049009081201,23.0
txR8_jGi0Ls,Reviewing Your Data Science Projects - Episode 7 (Incredible Portfolio Website),2020-06-08,8778,9.080117784926209,0,6,2020,904,139,0.558937528499772,4339.0,209.0,0.0,0.22858632258948589,30.0
8Vxjp2KVHqs,Reviewing Your Data Science Projects - Episode 21(The Cleanest Portfolio),2020-09-21,8700,9.071193240566025,0,9,2020,934,136,0.6110152926296424,4253.0,216.0,0.0,0.24155393191452873,26.0
Ft4GVkQQtgk,Data Science Resume Round-Up With @Tina Huang  - Episode 1,2020-09-28,9054,9.111072370317514,0,9,2020,1471,126,0.578569058940617,2739.0,145.0,0.0,0.19335209495437383,27.0
4yI3vVe0Jos,Data Science Fundamentals: Data Cleaning in Python,2019-08-11,10430,9.25253742067597,6,8,2019,2084,145,0.3489578330611853,146.0,14.0,0.0,0.06418003156516168,25.0
N97MhZEp2UQ,Advice from a Data Analytics CEO (@How to Get an Analytics Job) - KNN EP. 17,2020-10-14,9457,9.15461622320382,2,10,2020,3042,147,0.5834479839136416,3263.0,150.0,0.0,0.164473061835835,24.0
-zbLpoJVBMI,What the Heck is WSL 2? (My New Favorite Tool),2021-12-17,5004,8.518192691749322,4,12,2021,368,136,0.7304452466907341,3622.0,186.0,0.0,0.3802692269593661,27.0
TjGFBQC27ng,Business Skills for Data Science: What are they REALLY?,2021-10-18,4413,8.392536586816682,0,10,2021,649,134,0.7369975017033841,2307.0,152.0,0.0,0.3366979715613774,27.0
UKuK2fXu_dU,Why Data-Viz is so Darn Important (@Story by Data | Kate Strachnyi) - KNN EP. 16,2020-09-30,6692,8.808817483100642,2,9,2020,2351,135,0.6792706620833956,3840.0,192.0,0.0,0.16158090760409324,27.0
vy-R4oUZaC8,Data Science Project Example Start to Finish (Deep Learning Image Classifier),2020-03-20,9757,9.185842740375783,4,3,2020,1451,146,0.4626268840356813,855.0,78.0,0.0,0.169540311957879,21.0
Z9dGmL2G-4k,Data Science Fundamentals: Data Exploration in Python (Pandas),2019-07-05,13658,9.522153924002891,4,7,2019,1144,156,0.43548032534622994,78.0,11.0,0.0,0.21491722152847148,25.0
q6Lf2yhvluw,Reviewing Your Data Science Projects - Episode 17 (Best Portfolio Website Yet?),2020-08-24,9384,9.14686794902061,0,8,2020,1108,135,0.5126946874333262,4803.0,220.0,0.0,0.2029451937658056,22.0
qfRhKHV8-t4,Predicting Crypto-Currency Price Using RNN lSTM & GRU,2017-11-18,16558,9.714685039642484,5,11,2017,311,156,0.1387915407854985,32.0,0.0,0.0,0.4750627863561947,22.0
1Ir1NgCuI0Y,Data Science Resume Round-Up With @Tina Huang  | Episode 3,2020-10-12,5011,8.51959031601596,0,10,2020,2219,116,0.6325144797283803,1479.0,54.0,0.0,0.12428329711008011,27.0
74Z3F7i4qcI,5 Sports Analytics Books to Get You Started,2019-12-13,7386,8.907476977528738,4,12,2019,428,133,0.3070983473313465,128.0,7.0,0.0,0.35376976256717857,23.0
DW55gaQ_Egk,Reviewing Your Data Science Projects - Episode 1 (Exploratory Analysis),2020-04-27,7480,8.920121751872404,0,4,2020,708,144,0.49465097619684406,1255.0,106.0,0.0,0.31387040654715426,26.0
UuR3nomI5AE,Reviewing Your Data Science Projects - Episode 14 [Deep Learning Focus],2020-08-03,4470,8.405367376233981,0,8,2020,1029,123,0.6777802640411725,3043.0,157.0,0.0,0.22664401266333256,27.0
akbU9KOo_Qc,How to Stay Productive & Motivated When Learning Data Science,2019-09-29,9669,9.17678358844734,6,9,2019,672,149,0.48566104151568484,147.0,10.0,0.0,0.2807891983667782,25.0
KHAuuOQui2U,What You Need to Know for a Data Science Internship,2020-05-01,12317,9.418816886246988,4,5,2020,309,139,0.3469703131354209,928.0,107.0,0.0,0.5297437909389171,25.0
dlZWB2D-NaQ,The 4 Types of Sports Analytics Projects,2020-02-03,17982,9.797182146165197,0,2,2020,424,159,0.25136429446486247,205.0,14.0,0.0,0.3880111626996159,20.0
iiSZqsQKNX8,#66DaysOfData - What is it? #shorts,2021-06-11,6101,8.716371865276615,4,6,2021,47,133,0.6858269009689604,2295.0,181.0,0.0,0.7064357977681722,25.0
n6MiRgxN5iA,Why EVERYONE Should Start a Podcast (Including YOU),2021-11-05,3092,8.03689677268507,4,11,2021,427,111,0.7510521204273227,2418.0,156.0,0.0,0.3610577325093608,20.0
omdhf8d53FM,Land a Data Science Job in a Different Country (Vijay Pravin Maharajan) - KNN EP. 13,2020-09-16,4885,8.494129251817686,2,9,2020,1584,120,0.7184684684684685,3312.0,161.0,0.0,0.13345333848181806,18.0
B1g_yMKpdwo,Reviewing Your Data Science Projects - Episode 10 (Leveraging Your Data),2020-06-29,4227,8.349484346990128,0,6,2020,841,117,0.6296734500709891,2246.0,116.0,0.0,0.24561900625862176,23.0
SaWxVk7rDp4,What is a lambda function (python)? #shorts,2021-05-13,8275,9.021115038865434,3,5,2021,56,142,0.5191098209966134,2956.0,191.0,0.0,0.6189335726311138,22.0
_K6cNdgN3CI,Reviewing Your Data Science Projects - Episode 4 (Resume & Github),2020-05-18,10762,9.283869605264298,0,5,2020,888,185,0.19477743704116718,2249.0,90.0,0.0,0.21284238022581245,23.0
f6NPw582FFc,Data Science Explained with ... Cooking?,2020-02-07,3947,8.280964400553373,4,2,2020,533,126,0.4437674536684438,527.0,33.0,0.0,0.2746123143586266,24.0
7VcdvSyoxnc,His Startup Will Land You a Data Science Job (Jeremie Harris) - KNN EP. 15,2020-09-23,4566,8.426611813185,2,9,2020,3706,119,0.6992991677617171,2621.0,134.0,0.0,0.10426828145558706,22.0
mR2NCRgtLPE,Reviewing Your Data Science Projects - Episode 6 (Only 3 months of coding experience),2020-06-01,5504,8.61341204915678,0,6,2020,943,155,0.43521715427948393,4320.0,297.0,0.0,0.19729358713049455,22.0
oMdVg6GPODA,Why Right NOW is a Great Time to Learn Data Science,2020-03-23,4027,8.301025253838453,0,3,2020,192,135,0.5705765407554672,780.0,74.0,0.0,0.5545394353507149,22.0
2KkrtG5IsHo,Reviewing Your Data Science Projects - Episode 11(GITHUB CLEANING),2020-07-13,3352,8.117610746466228,0,7,2020,559,112,0.6810859188544153,2156.0,104.0,0.0,0.33948499281711886,20.0
ammCGdzSoag,Building a Burrito Dashboard - Data Science Project from Scratch with atoti,2021-10-29,5883,8.679992081721329,4,10,2021,2968,133,0.665075034106412,3618.0,142.0,0.0,0.07231033059555973,16.0
irjTWNV0eAY,How to Simulate NBA Games in Python,2018-11-19,13742,9.528284882554852,0,11,2018,556,136,0.1821688500727802,20.0,1.0,0.0,0.2852909334071204,20.0
rLawTH--l2Y,Reviewing Your Data Science Projects - Episode 19 (One Big Improvement),2020-09-07,3615,8.193123721512068,0,9,2020,917,110,0.7177642501383509,2291.0,129.0,0.0,0.2657671973913781,18.0
yIJrCFXs0rU,Data Science Fundamentals: Data Manipulation in Python (Pandas),2019-07-13,8633,9.063463176115423,5,7,2019,2589,137,0.4190553556922363,88.0,5.0,0.0,0.09223872725419506,19.0
EAezvs0eL1s,Data Science Fundamentals: Linear Regression,2019-11-29,4844,8.485702524324866,4,11,2019,2317,121,0.5394791236047953,153.0,16.0,0.0,0.11066185570519946,18.0
KEBVcVwFzaI,Reviewing Your Data Science Projects - Episode 15 (Quant Finance),2020-08-10,7705,8.949754525186103,0,8,2020,968,137,0.48148148148148145,2634.0,118.0,0.0,0.2560247670357363,18.0
imMPnCHvbkY,The Data Science Projects that Got Me a Job,2020-03-06,33396,10.41622135457142,4,3,2020,267,170,0.3036222548461515,590.0,55.0,0.0,0.5395855163652199,20.0
6fwyyRgZlD0,Reviewing Your Data Science Projects - Episode 9 (Professional Violinist),2020-06-22,2242,7.715569534520208,0,6,2020,668,114,0.7270294380017841,1495.0,78.0,0.0,0.23795024491962063,16.0
QBIe4nbmZfA,Reviewing Your Data Science Projects - Episode 2 (Resume and Portfolio),2020-05-04,4581,8.42989086301344,0,5,2020,703,132,0.5169250928150251,982.0,72.0,0.0,0.28419161403368176,18.0
tG_UW_p0UqE,Is Spotify Shuffle Really Random? #Shorts,2021-07-21,6579,8.791790024319363,2,7,2021,56,136,0.7337998174627319,2972.0,178.0,0.0,0.7474136946575927,18.0
9D7GzskcyUk,5 Tips for Crushing the Work From Home Life,2020-04-20,4934,8.504107951867582,0,4,2020,343,158,0.3944061613295501,508.0,53.0,0.0,0.4833700254909926,16.0
apf6A3Nstm8,Reviewing Your Data Science Projects - Episode 20 (Bootcamp Capstone),2020-09-14,3673,8.20903626577507,0,9,2020,1161,111,0.7145192045764097,2132.0,120.0,0.0,0.23333412565917894,17.0
RAMxzqSMDKE,Reviewing Your Projects - Episode 16 (Project Review for Beginners),2020-08-17,2998,8.00603417874901,0,8,2020,999,105,0.7184789859906604,1843.0,102.0,0.0,0.24480891487406567,15.0
VvnOXDCVm8k,Project Presentation - Expectations vs. Reality (funny) #shorts,2021-08-07,5932,8.688285266258644,5,8,2021,59,136,0.7872592091922946,2251.0,102.0,0.0,0.7610986839708063,16.0
68GGPK3WaqI,Data Science Project - Expectations vs Reality (funny) #shorts,2021-08-06,14136,9.556550752867032,4,8,2021,60,151,0.423556220180873,2774.0,115.0,0.0,0.8080551268366837,14.0
sICJ6a2wX5g,#66DaysOfData - 3 Reasons to Start!,2021-06-18,3443,8.144388865547622,4,6,2021,53,120,0.844340995053826,1738.0,112.0,0.0,0.5953546785630136,16.0
5SjK6YCs4o4,The Data Science Interview: What to Expect,2019-12-30,6185,8.730043953245016,0,12,2019,886,127,0.49029440310579103,403.0,31.0,0.0,0.35991324900651234,15.0
WKXtTo7lqmA,Data Science Fundamentals: SQL Queries,2020-01-10,4774,8.471149252914831,4,1,2020,2066,122,0.5039815590947192,243.0,22.0,0.0,0.08751197302270101,15.0
9ZwVqXUHf6o,When Data Science Goes Wrong,2020-03-30,1668,7.419979923661835,0,3,2020,356,115,0.5941247002398081,366.0,39.0,0.0,0.4548105881433707,13.0
ELFGsNqZrlM,Is it Important to Share Your Data Science Work? (Ft. Eric Weber),2020-07-22,1795,7.493317248862145,2,7,2020,1181,99,0.7203342618384401,1276.0,86.0,0.0,0.2086467506543715,14.0
LGEuDWjWQes,Applying Data Science To My YouTube Data: My Surprising Findings,2019-11-11,5642,8.63817111796914,0,11,2019,833,138,0.46062433487052146,508.0,29.0,0.0,0.2471354147678596,14.0
ZWdyBbgGZBQ,Sports Analytics 101: The Pythagorean Theorem of Sports,2019-11-22,4343,8.37655086161377,4,11,2019,376,113,0.23587733456306204,126.0,7.0,0.0,0.3553909157590341,12.0
Zz_Mx1UPswI,Thank You For The Support | What's Next | Ken Jee | Data Science,2019-08-26,506,6.2285110035911835,0,8,2019,114,55,0.32806324110671936,149.0,10.0,0.0,0.381572512215297,14.0
ei1m5lDQyBg,Data Science in Sports - Talk for Northwestern (Kellogg) MBA Students,2020-04-22,2794,7.9355873855892,2,4,2020,2287,128,0.37974230493915534,429.0,33.0,0.0,0.2316714092115107,10.0
q8cEt8gj3zY,"Data Science, Machine Learning, and AI: What's the Difference?",2019-03-16,4722,8.460199469896118,5,3,2019,266,137,0.2671334606407808,35.0,6.0,0.0,0.358612477317482,14.0
143WWA5Sy9k,I Eat a Papaya Live on Stream (Plus Q&A for 150K Subs!),2021-07-16,2271,7.7284157798410416,4,7,2021,5005,106,0.8106560986349626,1688.0,79.0,0.0,0.06923211651311287,13.0
3BEtGaz70rQ,How Far Should the NBA 3-Point Line Actually Be?,2019-09-21,2312,7.746300662231439,5,9,2019,577,113,0.37040242319342276,116.0,8.0,0.0,0.23371566557067155,13.0
3TrAYmrmA8o,The 9 Books That Changed My Perspective in 2019,2020-01-03,3037,8.018954683155718,4,1,2020,980,116,0.6167270332565031,176.0,15.0,0.0,0.20795157288570087,13.0
DopikusDfk0,Collision Course: Sports Betting + Data Science,2019-12-20,10291,9.239122173401634,4,12,2019,355,169,0.1521464031928356,134.0,13.0,0.0,0.44526045057036223,11.0
qP0hRF-lGqg,The Problem with Data Science,2020-02-28,3301,8.102283624480073,4,2,2020,270,124,0.2934222491664141,475.0,47.0,0.0,0.5876831064880209,11.0
2RWwN5ZT4tA,Should  @Luke Barousse Take This Data Analyst Job? (Funny) #Shorts,2022-01-14,2401,7.784057002639929,4,1,2022,55,109,0.9017241379310345,2320.0,78.0,0.0,0.6736092489019355,10.0
T7BQJJIGrmc,Data Science: Pros and Cons,2019-06-30,3919,8.273846932784508,6,6,2019,442,128,0.3415942769545222,59.0,11.0,0.0,0.43795142359902545,10.0
-kX2b6TF_9k,By The Numbers: Where Should The NBA Put a 4 Point Line?,2019-10-21,2344,7.76004068088038,0,10,2019,656,111,0.26535836177474403,61.0,5.0,0.0,0.23091455792682924,9.0
IFceyuL6GZY,How I Became A Data Scientist From a Business Background,2018-11-12,5515,8.615408238913192,0,11,2018,619,134,0.3652031930333817,67.0,4.0,0.0,0.21673070771927508,10.0
scSc6YSanQ0,How Statistics Saved the US SERIOUS $$$$ During WW2 #Shorts,2021-12-10,3130,8.049107721326406,4,12,2021,57,122,0.8523274478330658,2101.0,154.0,0.0,0.7314353198104432,9.0
sq5TnVJWv6A,Where YOU Should Start With Data Science Projects,2019-02-19,8026,8.990566138131577,1,2,2019,467,137,0.5080060045033775,30.0,4.0,0.0,0.23500436422963183,10.0
1Cf7SdnBncg,My Top 5 Data Science Internship Tips,2019-06-15,8420,9.038483865029992,5,6,2019,482,139,0.34190170177317625,78.0,9.0,0.0,0.38610234212057337,9.0
3bes4U4MHPg,How to Integrate Data Science into Your Business,2020-03-02,1831,7.513163545234075,0,3,2020,300,122,0.3543263964950712,212.0,19.0,0.0,0.46363620734746136,8.0
Fs_LG5Y8GIU,Can You Learn Data Science Without a Computer?,2020-03-11,1102,7.005789019253503,2,3,2020,199,100,0.48003629764065336,199.0,21.0,0.0,0.4852464882042799,6.0
_CS4u9cORwA,Was Captain Marvel Bad? A Sentiment Analysis of Twitter Data,2019-03-09,3673,8.20903626577507,5,3,2019,451,112,0.3441328614211816,39.0,11.0,0.0,0.3419699127988224,8.0
BXmEmIK5aqI,The 5 Stages of Data Science Adoption,2019-12-06,973,6.881411303642535,4,12,2019,356,92,0.4886831275720165,132.0,13.0,0.0,0.4457318764925105,8.0
aaAZXeuPIXk,How Much Did Cheating Help the Astros Win? (What the Numbers Say),2020-02-24,959,6.866933284461882,0,2,2020,382,75,0.4859228362877998,193.0,11.0,0.0,0.49054865187221885,8.0
6sJEnzDjJqI,Where to Look for Data Science Jobs,2019-03-29,2583,7.857093864902493,4,3,2019,366,114,0.4304533126695079,33.0,2.0,0.0,0.1554437678896695,5.0
9-2OKLZfvbE,Questions You Should Ask Your Data Science Interviewers,2020-01-06,2134,7.666221925662725,0,1,2020,660,95,0.5368026254102204,120.0,12.0,0.0,0.4150574266821142,7.0
KMOA5arCi8g,What I Learned From My Three Degrees,2019-05-17,1079,6.984716320118266,4,5,2019,762,87,0.5269016697588126,28.0,2.0,0.0,0.2781567960254968,7.0
RRXWJVX0fE8,6 Habits of Successful Data Scientists,2019-09-13,1591,7.3727463664043285,4,9,2019,349,106,0.45311516677155445,370.0,17.0,0.0,0.34425010200106904,7.0
XTrlMQXYqts,Why You DON'T Want to be a WFH Data Scientist,2019-03-03,664,6.499787040655854,6,3,2019,254,67,0.516566265060241,33.0,4.0,0.0,0.30016428571428566,7.0
Y_SMU701qlA,Predicting Season Long NBA Wins Using Multiple Linear Regression,2018-07-10,6863,8.834045641167798,1,7,2018,539,134,0.3341594984691646,6.0,0.0,0.0,0.03277829313543595,7.0
a-Syoa9mPhM,Take Your Data Science Projects From Good to Great,2019-08-05,1414,7.254884810077338,0,8,2019,484,93,0.5937721160651097,103.0,9.0,0.0,0.3182214083304637,6.0
fjVVtvp5X0w,Why Selling Is An Important Data Science Skill,2019-11-04,1418,7.257707677160043,0,11,2019,666,106,0.5338504936530324,139.0,10.0,0.0,0.28936702979020684,7.0
iqG59TqfFdY,5 Data Science Resolutions for 2020,2019-12-27,455,6.1224928095143865,4,12,2019,302,70,0.610989010989011,209.0,13.0,0.0,0.4154627895916803,6.0
sCOX5yShmFA,The Best Way to Predict NBA Minutes Played,2018-12-11,3094,8.037543185118697,1,12,2018,579,98,0.2552640103660512,3.0,1.0,0.0,0.6380746977547496,7.0
tv1e22u2COk,My Top 5 Data Science Resources for 2019,2019-01-05,3406,8.133587417660966,5,1,2019,351,122,0.3954785672342924,27.0,3.0,0.0,0.2052139029400934,7.0
3cDM9Z-fdz4,Golf STATS: Strokes Gained Explained,2019-06-07,4151,8.331345424845724,4,6,2019,575,100,0.051932367149758456,22.0,3.0,0.0,0.41339257004830915,6.0
3ysXGYjvbSU,Why is Balance Important in Data Science?,2019-10-16,612,6.418364935936212,2,10,2019,238,79,0.6111111111111112,81.0,4.0,0.0,0.39339339592426115,6.0
XoUyK3XHZHs,Watch This Before Applying to Data Science Jobs,2019-02-04,1261,7.140453043101158,0,2,2019,600,86,0.5202220459952419,13.0,5.0,0.0,0.167775162037037,6.0
foggudmDDvY,Data Science in Golf: PGA Merchandise Show 2020,2020-01-31,482,6.180016653652572,4,1,2020,548,57,0.3983402489626556,80.0,6.0,0.0,0.22180307713753195,6.0
k4r_NtB4JVQ,Golf: Would You Rather Be the LONGEST or STRAIGHTEST Driver on the PGA Tour?,2019-11-25,816,6.705639094860003,0,11,2019,462,75,0.3284313725490196,205.0,13.0,0.0,0.24578871614865883,5.0
1UjMBw_7Gi8,Data Science: Startup vs. Large Corporation,2019-03-21,1703,7.440733707389261,3,3,2019,280,114,0.2839506172839506,32.0,4.0,0.0,0.4379018112244898,3.0
k-gin1qfzi0,How To Build A Word Cloud From Scraped Data (Python),2019-09-04,2794,7.9355873855892,2,9,2019,1321,112,0.25546399140093157,63.0,3.0,0.0,0.11751950930724583,3.0
qUK5Vk4NvBw,#66DaysOfData Round 3 Live Event! (feat. @StatQuest with Josh Starmer),2021-10-12,2038,7.620214770574455,1,10,2021,3735,109,0.8168875797741777,1666.0,109.0,0.0,0.0598669014715357,2.0
smeFkHwnM_k,Welcome To My Channel | Ken Jee | Data Science,2019-03-03,1225,7.111512116496157,6,3,2019,51,88,0.2,61.0,4.0,0.0,0.5624363969830356,3.0
FBgs-BSTIJE,Demystifying Data Science Roles,2018-11-30,978,6.88653164253051,4,11,2018,375,87,0.5224948875255624,3.0,1.0,0.0,0.2906433333333333,3.0
Yr5T3T4tq-g,Most Data Science Hopefuls Overlook This Important Skill,2019-05-25,548,6.3080984415095305,5,5,2019,216,62,0.5638686131386861,27.0,6.0,0.0,0.46991445420760897,3.0
j-Z-je6K4Yg,IT'S NOT TOO LATE TO LEARN CODE!,2018-12-18,721,6.582025138892826,1,12,2018,186,72,0.5201109570041609,5.0,2.0,0.0,0.8284593787335724,3.0
5jntoZX-Tc8,NASA Physicist Turned Data Scientist (Tim Bowling) - KNN EP. 02,2019-05-05,1094,6.9985096422506015,6,5,2019,1120,80,0.3217550274223035,24.0,1.0,0.0,0.23359409412202375,2.0
